-- Seed data generated by backend/generators/fakerGenerator.js
-- Generation date: 2026-02-15T06:19:35.450Z
USE recycling_manager_selection;

SET FOREIGN_KEY_CHECKS = 0;
TRUNCATE TABLE evaluations;
TRUNCATE TABLE candidate_skills;
TRUNCATE TABLE skills;
TRUNCATE TABLE candidates;
SET FOREIGN_KEY_CHECKS = 1;

INSERT INTO skills (skill_name, category)
VALUES
('Material Recovery Facility Operations', 'Operations'),
('Collection Route Optimization', 'Operations'),
('Waste Stream Auditing', 'Operations'),
('Contamination Reduction Programs', 'Operations'),
('Composting Program Design', 'Sustainability'),
('Circular Economy Strategy', 'Sustainability'),
('Extended Producer Responsibility', 'Sustainability'),
('Life Cycle Assessment', 'Sustainability'),
('ISO 14001 Compliance', 'Compliance'),
('EPA Regulatory Reporting', 'Compliance'),
('OSHA Safety Standards', 'Safety'),
('Hazardous Material Handling', 'Safety'),
('Emergency Incident Response', 'Safety'),
('Team Coaching', 'Leadership'),
('Union Workforce Coordination', 'Leadership'),
('Cross-functional Stakeholder Management', 'Leadership'),
('Budget Planning', 'Leadership'),
('Vendor Contract Negotiation', 'Leadership'),
('KPI Dashboarding', 'Analytics'),
('Forecasting and Capacity Planning', 'Analytics'),
('Data-driven Process Improvement', 'Analytics'),
('Lean Six Sigma', 'Operations');

INSERT INTO candidates (full_name, email, phone, location_city, location_state, location_country, years_experience, highest_education, current_role, industry_focus, profile_summary, skills_json)
VALUES
('Dr. Milton Pfeffer', 'dr.pfeffer92@example.com', '(495) 827-7278', 'Lloydview', 'Virginia', 'USA', 5.6, 'Bachelor', 'Sustainability Program Lead', 'Commercial Recycling', 'Sustainability Program Lead focused on Commercial Recycling. Owns KPI reviews and translates results into practical process improvements. Balances compliance obligations with operational efficiency goals. Known for building practical recycling workflows and measurable team outcomes.', '[{"name":"Emergency Incident Response","category":"Safety","proficiency":5},{"name":"Cross-functional Stakeholder Management","category":"Leadership","proficiency":2},{"name":"Forecasting and Capacity Planning","category":"Analytics","proficiency":3},{"name":"ISO 14001 Compliance","category":"Compliance","proficiency":4},{"name":"Extended Producer Responsibility","category":"Sustainability","proficiency":2},{"name":"Hazardous Material Handling","category":"Safety","proficiency":4},{"name":"EPA Regulatory Reporting","category":"Compliance","proficiency":3}]'),
('Cynthia Bergstrom DVM', 'cynthia_dvm@example.com', '592.954.9278', 'South Hiram', 'Alaska', 'USA', 5.8, 'Bachelor', 'Recycling Operations Supervisor', 'E-Waste and Battery Recovery', 'Recycling Operations Supervisor focused on E-Waste and Battery Recovery. Owns KPI reviews and translates results into practical process improvements. Coordinates safety-first operations across field and processing teams. Known for building practical recycling workflows and measurable team outcomes.', '[{"name":"Cross-functional Stakeholder Management","category":"Leadership","proficiency":2},{"name":"Data-driven Process Improvement","category":"Analytics","proficiency":4},{"name":"Forecasting and Capacity Planning","category":"Analytics","proficiency":2},{"name":"Budget Planning","category":"Leadership","proficiency":3},{"name":"Life Cycle Assessment","category":"Sustainability","proficiency":3},{"name":"Vendor Contract Negotiation","category":"Leadership","proficiency":3},{"name":"Hazardous Material Handling","category":"Safety","proficiency":4}]'),
('Beatrice Hilll', 'beatrice.hilll@example.com', '238-710-3963 x2965', 'Methuen Town', 'Ohio', 'USA', 12.6, 'Bachelor', 'Waste Reduction Strategy Manager', 'Industrial Recycling', 'Waste Reduction Strategy Manager focused on Industrial Recycling. Balances compliance obligations with operational efficiency goals. Coordinates safety-first operations across field and processing teams. Known for building practical recycling workflows and measurable team outcomes.', '[{"name":"Union Workforce Coordination","category":"Leadership","proficiency":5},{"name":"Team Coaching","category":"Leadership","proficiency":4},{"name":"Material Recovery Facility Operations","category":"Operations","proficiency":3},{"name":"Data-driven Process Improvement","category":"Analytics","proficiency":2},{"name":"Life Cycle Assessment","category":"Sustainability","proficiency":3},{"name":"Circular Economy Strategy","category":"Sustainability","proficiency":4},{"name":"ISO 14001 Compliance","category":"Compliance","proficiency":3}]'),
('Merle Hagenes', 'merle_hagenes56@example.com', '(378) 641-6137', 'Collierfurt', 'New Mexico', 'USA', 18.3, 'Bachelor', 'Environmental Compliance Manager', 'Commercial Recycling', 'Environmental Compliance Manager focused on Commercial Recycling. Leads cross-site initiatives to increase diversion rates while reducing contamination. Coordinates safety-first operations across field and processing teams. Known for building practical recycling workflows and measurable team outcomes.', '[{"name":"Budget Planning","category":"Leadership","proficiency":3},{"name":"EPA Regulatory Reporting","category":"Compliance","proficiency":4},{"name":"Hazardous Material Handling","category":"Safety","proficiency":4},{"name":"Composting Program Design","category":"Sustainability","proficiency":2},{"name":"Circular Economy Strategy","category":"Sustainability","proficiency":4},{"name":"Waste Stream Auditing","category":"Operations","proficiency":3},{"name":"OSHA Safety Standards","category":"Safety","proficiency":2},{"name":"Vendor Contract Negotiation","category":"Leadership","proficiency":5}]'),
('Debbie Kris V', 'debbie.v@example.com', '858-537-6548 x2679', 'Ziemehaven', 'Wisconsin', 'USA', 3.4, 'Bachelor', 'Waste Reduction Strategy Manager', 'Commercial Recycling', 'Waste Reduction Strategy Manager focused on Commercial Recycling. Leads cross-site initiatives to increase diversion rates while reducing contamination. Partners with city agencies and haulers to improve resident participation. Known for building practical recycling workflows and measurable team outcomes.', '[{"name":"Data-driven Process Improvement","category":"Analytics","proficiency":4},{"name":"Circular Economy Strategy","category":"Sustainability","proficiency":4},{"name":"Waste Stream Auditing","category":"Operations","proficiency":5},{"name":"Lean Six Sigma","category":"Operations","proficiency":3},{"name":"ISO 14001 Compliance","category":"Compliance","proficiency":3},{"name":"Budget Planning","category":"Leadership","proficiency":5},{"name":"Hazardous Material Handling","category":"Safety","proficiency":5},{"name":"Team Coaching","category":"Leadership","proficiency":2}]'),
('Edmond Pagac-Runte', 'edmond.pagac-runte@example.com', '(793) 408-2132', 'North Estrellastead', 'Colorado', 'USA', 16.8, 'Associate', 'Recycling Operations Supervisor', 'Construction and Demolition Recovery', 'Recycling Operations Supervisor focused on Construction and Demolition Recovery. Coordinates safety-first operations across field and processing teams. Partners with city agencies and haulers to improve resident participation. Known for building practical recycling workflows and measurable team outcomes.', '[{"name":"Composting Program Design","category":"Sustainability","proficiency":3},{"name":"Team Coaching","category":"Leadership","proficiency":4},{"name":"Forecasting and Capacity Planning","category":"Analytics","proficiency":4},{"name":"Material Recovery Facility Operations","category":"Operations","proficiency":4},{"name":"KPI Dashboarding","category":"Analytics","proficiency":3},{"name":"Lean Six Sigma","category":"Operations","proficiency":2}]'),
('Amos D''Amore', 'amos_damore51@example.com', '819-315-1041 x2701', 'Swiftstad', 'Rhode Island', 'USA', 16.7, 'Bachelor', 'Municipal Diversion Program Manager', 'Municipal Solid Waste', 'Municipal Diversion Program Manager focused on Municipal Solid Waste. Coordinates safety-first operations across field and processing teams. Leads cross-site initiatives to increase diversion rates while reducing contamination. Known for building practical recycling workflows and measurable team outcomes.', '[{"name":"Composting Program Design","category":"Sustainability","proficiency":3},{"name":"ISO 14001 Compliance","category":"Compliance","proficiency":2},{"name":"Hazardous Material Handling","category":"Safety","proficiency":3},{"name":"Contamination Reduction Programs","category":"Operations","proficiency":5},{"name":"Life Cycle Assessment","category":"Sustainability","proficiency":5},{"name":"Data-driven Process Improvement","category":"Analytics","proficiency":4},{"name":"KPI Dashboarding","category":"Analytics","proficiency":5},{"name":"Vendor Contract Negotiation","category":"Leadership","proficiency":5}]'),
('Lana Heidenreich DDS', 'lana.dds68@example.com', '(983) 568-7444 x7594', 'Appleton', 'Texas', 'USA', 9.6, 'Master', 'Waste Reduction Strategy Manager', 'E-Waste and Battery Recovery', 'Waste Reduction Strategy Manager focused on E-Waste and Battery Recovery. Owns KPI reviews and translates results into practical process improvements. Balances compliance obligations with operational efficiency goals. Known for building practical recycling workflows and measurable team outcomes.', '[{"name":"Lean Six Sigma","category":"Operations","proficiency":5},{"name":"OSHA Safety Standards","category":"Safety","proficiency":4},{"name":"Budget Planning","category":"Leadership","proficiency":2},{"name":"Data-driven Process Improvement","category":"Analytics","proficiency":2},{"name":"Emergency Incident Response","category":"Safety","proficiency":2},{"name":"KPI Dashboarding","category":"Analytics","proficiency":3},{"name":"Cross-functional Stakeholder Management","category":"Leadership","proficiency":4},{"name":"Union Workforce Coordination","category":"Leadership","proficiency":4}]'),
('Felipe Walter', 'felipe_walter54@example.com', '788-221-2177', 'Lake Francescaborough', 'Wyoming', 'USA', 16.1, 'Master', 'Recycling Operations Supervisor', 'E-Waste and Battery Recovery', 'Recycling Operations Supervisor focused on E-Waste and Battery Recovery. Mentors frontline supervisors and supports high-retention team culture. Owns KPI reviews and translates results into practical process improvements. Known for building practical recycling workflows and measurable team outcomes.', '[{"name":"KPI Dashboarding","category":"Analytics","proficiency":4},{"name":"Extended Producer Responsibility","category":"Sustainability","proficiency":4},{"name":"Emergency Incident Response","category":"Safety","proficiency":4},{"name":"ISO 14001 Compliance","category":"Compliance","proficiency":4},{"name":"Data-driven Process Improvement","category":"Analytics","proficiency":2},{"name":"Collection Route Optimization","category":"Operations","proficiency":5},{"name":"Budget Planning","category":"Leadership","proficiency":2},{"name":"Material Recovery Facility Operations","category":"Operations","proficiency":5}]'),
('Jody O''Conner Sr.', 'jody_sr.53@example.com', '1-742-916-9403 x1533', 'New Marco', 'Florida', 'USA', 4.3, 'Master', 'Environmental Compliance Manager', 'Commercial Recycling', 'Environmental Compliance Manager focused on Commercial Recycling. Coordinates safety-first operations across field and processing teams. Partners with city agencies and haulers to improve resident participation. Known for building practical recycling workflows and measurable team outcomes.', '[{"name":"Collection Route Optimization","category":"Operations","proficiency":5},{"name":"OSHA Safety Standards","category":"Safety","proficiency":5},{"name":"Extended Producer Responsibility","category":"Sustainability","proficiency":2},{"name":"Waste Stream Auditing","category":"Operations","proficiency":3},{"name":"ISO 14001 Compliance","category":"Compliance","proficiency":4},{"name":"Composting Program Design","category":"Sustainability","proficiency":3},{"name":"Lean Six Sigma","category":"Operations","proficiency":5}]'),
('Clarence Hansen', 'clarence.hansen87@example.com', '(669) 618-4153 x7629', 'New Aimee', 'Oregon', 'USA', 13.1, 'Professional Certificate', 'Public Works Recycling Coordinator', 'Municipal Solid Waste', 'Public Works Recycling Coordinator focused on Municipal Solid Waste. Partners with city agencies and haulers to improve resident participation. Coordinates safety-first operations across field and processing teams. Known for building practical recycling workflows and measurable team outcomes.', '[{"name":"Material Recovery Facility Operations","category":"Operations","proficiency":3},{"name":"Circular Economy Strategy","category":"Sustainability","proficiency":2},{"name":"Emergency Incident Response","category":"Safety","proficiency":3},{"name":"Union Workforce Coordination","category":"Leadership","proficiency":5},{"name":"Extended Producer Responsibility","category":"Sustainability","proficiency":2},{"name":"Cross-functional Stakeholder Management","category":"Leadership","proficiency":5}]'),
('Timmy Kautzer', 'timmy_kautzer@example.com', '435.616.4229 x68956', 'Schimmelhaven', 'Utah', 'USA', 15.6, 'Bachelor', 'Waste Reduction Strategy Manager', 'Organics Diversion', 'Waste Reduction Strategy Manager focused on Organics Diversion. Balances compliance obligations with operational efficiency goals. Owns KPI reviews and translates results into practical process improvements. Known for building practical recycling workflows and measurable team outcomes.', '[{"name":"Vendor Contract Negotiation","category":"Leadership","proficiency":2},{"name":"EPA Regulatory Reporting","category":"Compliance","proficiency":2},{"name":"Lean Six Sigma","category":"Operations","proficiency":4},{"name":"Composting Program Design","category":"Sustainability","proficiency":4},{"name":"Life Cycle Assessment","category":"Sustainability","proficiency":5},{"name":"Waste Stream Auditing","category":"Operations","proficiency":4},{"name":"Collection Route Optimization","category":"Operations","proficiency":4},{"name":"Forecasting and Capacity Planning","category":"Analytics","proficiency":5}]'),
('Archie Senger', 'archie.senger2@example.com', '1-488-214-8505 x01836', 'East Kristofferfurt', 'Arizona', 'USA', 5.4, 'Professional Certificate', 'Environmental Compliance Manager', 'Industrial Recycling', 'Environmental Compliance Manager focused on Industrial Recycling. Owns KPI reviews and translates results into practical process improvements. Partners with city agencies and haulers to improve resident participation. Known for building practical recycling workflows and measurable team outcomes.', '[{"name":"Vendor Contract Negotiation","category":"Leadership","proficiency":3},{"name":"Composting Program Design","category":"Sustainability","proficiency":5},{"name":"Collection Route Optimization","category":"Operations","proficiency":2},{"name":"Data-driven Process Improvement","category":"Analytics","proficiency":2},{"name":"Hazardous Material Handling","category":"Safety","proficiency":3},{"name":"Material Recovery Facility Operations","category":"Operations","proficiency":5},{"name":"Life Cycle Assessment","category":"Sustainability","proficiency":3},{"name":"EPA Regulatory Reporting","category":"Compliance","proficiency":3}]'),
('Dr. Cameron Reilly', 'dr._reilly61@example.com', '(656) 267-5043 x375', 'Eddiecester', 'Montana', 'USA', 22.3, 'Bachelor', 'Sustainability Program Lead', 'Municipal Solid Waste', 'Sustainability Program Lead focused on Municipal Solid Waste. Leads cross-site initiatives to increase diversion rates while reducing contamination. Owns KPI reviews and translates results into practical process improvements. Known for building practical recycling workflows and measurable team outcomes.', '[{"name":"Emergency Incident Response","category":"Safety","proficiency":2},{"name":"Budget Planning","category":"Leadership","proficiency":3},{"name":"Data-driven Process Improvement","category":"Analytics","proficiency":5},{"name":"Composting Program Design","category":"Sustainability","proficiency":3},{"name":"OSHA Safety Standards","category":"Safety","proficiency":4}]'),
('Jennie Hodkiewicz V', 'jennie_v@example.com', '971.361.3988 x0763', 'Nienowside', 'Missouri', 'USA', 15.7, 'Bachelor', 'Municipal Diversion Program Manager', 'Organics Diversion', 'Municipal Diversion Program Manager focused on Organics Diversion. Coordinates safety-first operations across field and processing teams. Partners with city agencies and haulers to improve resident participation. Known for building practical recycling workflows and measurable team outcomes.', '[{"name":"Composting Program Design","category":"Sustainability","proficiency":3},{"name":"Forecasting and Capacity Planning","category":"Analytics","proficiency":5},{"name":"Cross-functional Stakeholder Management","category":"Leadership","proficiency":4},{"name":"KPI Dashboarding","category":"Analytics","proficiency":5},{"name":"Circular Economy Strategy","category":"Sustainability","proficiency":4},{"name":"ISO 14001 Compliance","category":"Compliance","proficiency":4},{"name":"Union Workforce Coordination","category":"Leadership","proficiency":2}]'),
('Mrs. Melody Durgan', 'mrs.durgan@example.com', '418-225-3855 x99354', 'Garettcester', 'South Dakota', 'USA', 21.2, 'Associate', 'Environmental Compliance Manager', 'Organics Diversion', 'Environmental Compliance Manager focused on Organics Diversion. Leads cross-site initiatives to increase diversion rates while reducing contamination. Coordinates safety-first operations across field and processing teams. Known for building practical recycling workflows and measurable team outcomes.', '[{"name":"Budget Planning","category":"Leadership","proficiency":4},{"name":"Collection Route Optimization","category":"Operations","proficiency":2},{"name":"Composting Program Design","category":"Sustainability","proficiency":2},{"name":"Emergency Incident Response","category":"Safety","proficiency":3},{"name":"Forecasting and Capacity Planning","category":"Analytics","proficiency":2},{"name":"Extended Producer Responsibility","category":"Sustainability","proficiency":2},{"name":"Waste Stream Auditing","category":"Operations","proficiency":2},{"name":"Union Workforce Coordination","category":"Leadership","proficiency":4}]'),
('Arthur Hyatt', 'arthur_hyatt@example.com', '302.523.1706', 'West Talia', 'Connecticut', 'USA', 12.8, 'Master', 'Municipal Diversion Program Manager', 'Organics Diversion', 'Municipal Diversion Program Manager focused on Organics Diversion. Partners with city agencies and haulers to improve resident participation. Mentors frontline supervisors and supports high-retention team culture. Known for building practical recycling workflows and measurable team outcomes.', '[{"name":"Extended Producer Responsibility","category":"Sustainability","proficiency":3},{"name":"Budget Planning","category":"Leadership","proficiency":4},{"name":"Material Recovery Facility Operations","category":"Operations","proficiency":2},{"name":"Life Cycle Assessment","category":"Sustainability","proficiency":4},{"name":"Emergency Incident Response","category":"Safety","proficiency":5}]'),
('Fannie Dickinson', 'fannie_dickinson52@example.com', '702-903-0044 x356', 'Fort Estelview', 'Wyoming', 'USA', 11.1, 'Bachelor', 'Sustainability Program Lead', 'E-Waste and Battery Recovery', 'Sustainability Program Lead focused on E-Waste and Battery Recovery. Leads cross-site initiatives to increase diversion rates while reducing contamination. Mentors frontline supervisors and supports high-retention team culture. Known for building practical recycling workflows and measurable team outcomes.', '[{"name":"Team Coaching","category":"Leadership","proficiency":3},{"name":"Emergency Incident Response","category":"Safety","proficiency":4},{"name":"Lean Six Sigma","category":"Operations","proficiency":3},{"name":"Life Cycle Assessment","category":"Sustainability","proficiency":3},{"name":"Waste Stream Auditing","category":"Operations","proficiency":3},{"name":"Extended Producer Responsibility","category":"Sustainability","proficiency":2},{"name":"Collection Route Optimization","category":"Operations","proficiency":3}]'),
('Geneva Bradtke DDS', 'geneva.dds@example.com', '226.808.3650 x9001', 'Treuteltown', 'New Hampshire', 'USA', 9.8, 'Master', 'Environmental Compliance Manager', 'Municipal Solid Waste', 'Environmental Compliance Manager focused on Municipal Solid Waste. Mentors frontline supervisors and supports high-retention team culture. Balances compliance obligations with operational efficiency goals. Known for building practical recycling workflows and measurable team outcomes.', '[{"name":"Material Recovery Facility Operations","category":"Operations","proficiency":2},{"name":"KPI Dashboarding","category":"Analytics","proficiency":3},{"name":"EPA Regulatory Reporting","category":"Compliance","proficiency":3},{"name":"Composting Program Design","category":"Sustainability","proficiency":3},{"name":"Forecasting and Capacity Planning","category":"Analytics","proficiency":5},{"name":"Emergency Incident Response","category":"Safety","proficiency":3},{"name":"Contamination Reduction Programs","category":"Operations","proficiency":3}]'),
('Sherri West', 'sherri_west84@example.com', '246-725-2894', 'East Darlene', 'California', 'USA', 20.9, 'Associate', 'Public Works Recycling Coordinator', 'E-Waste and Battery Recovery', 'Public Works Recycling Coordinator focused on E-Waste and Battery Recovery. Balances compliance obligations with operational efficiency goals. Leads cross-site initiatives to increase diversion rates while reducing contamination. Known for building practical recycling workflows and measurable team outcomes.', '[{"name":"Union Workforce Coordination","category":"Leadership","proficiency":3},{"name":"Data-driven Process Improvement","category":"Analytics","proficiency":3},{"name":"Material Recovery Facility Operations","category":"Operations","proficiency":5},{"name":"Cross-functional Stakeholder Management","category":"Leadership","proficiency":5},{"name":"Life Cycle Assessment","category":"Sustainability","proficiency":4}]'),
('Leigh Jacobson', 'leigh_jacobson@example.com', '(923) 431-2610 x36448', 'Lake Monroe', 'Louisiana', 'USA', 5.6, 'Bachelor', 'Materials Recovery Facility Manager', 'Construction and Demolition Recovery', 'Materials Recovery Facility Manager focused on Construction and Demolition Recovery. Balances compliance obligations with operational efficiency goals. Coordinates safety-first operations across field and processing teams. Known for building practical recycling workflows and measurable team outcomes.', '[{"name":"Lean Six Sigma","category":"Operations","proficiency":4},{"name":"Emergency Incident Response","category":"Safety","proficiency":2},{"name":"Data-driven Process Improvement","category":"Analytics","proficiency":5},{"name":"Composting Program Design","category":"Sustainability","proficiency":2},{"name":"Contamination Reduction Programs","category":"Operations","proficiency":2},{"name":"KPI Dashboarding","category":"Analytics","proficiency":2},{"name":"Circular Economy Strategy","category":"Sustainability","proficiency":3},{"name":"Life Cycle Assessment","category":"Sustainability","proficiency":2}]'),
('Dr. Jeffrey Wisozk V', 'dr._v@example.com', '634-570-9762 x622', 'Sparks', 'Wyoming', 'USA', 18.7, 'Associate', 'Circular Economy Operations Manager', 'Construction and Demolition Recovery', 'Circular Economy Operations Manager focused on Construction and Demolition Recovery. Owns KPI reviews and translates results into practical process improvements. Balances compliance obligations with operational efficiency goals. Known for building practical recycling workflows and measurable team outcomes.', '[{"name":"Vendor Contract Negotiation","category":"Leadership","proficiency":5},{"name":"Forecasting and Capacity Planning","category":"Analytics","proficiency":3},{"name":"Emergency Incident Response","category":"Safety","proficiency":4},{"name":"Budget Planning","category":"Leadership","proficiency":3},{"name":"EPA Regulatory Reporting","category":"Compliance","proficiency":5},{"name":"Extended Producer Responsibility","category":"Sustainability","proficiency":5}]'),
('Jan Schuppe', 'jan_schuppe3@example.com', '1-780-942-7012', 'Maribelside', 'Nebraska', 'USA', 18.3, 'Bachelor', 'Public Works Recycling Coordinator', 'Commercial Recycling', 'Public Works Recycling Coordinator focused on Commercial Recycling. Coordinates safety-first operations across field and processing teams. Leads cross-site initiatives to increase diversion rates while reducing contamination. Known for building practical recycling workflows and measurable team outcomes.', '[{"name":"Forecasting and Capacity Planning","category":"Analytics","proficiency":3},{"name":"OSHA Safety Standards","category":"Safety","proficiency":3},{"name":"Circular Economy Strategy","category":"Sustainability","proficiency":4},{"name":"Hazardous Material Handling","category":"Safety","proficiency":4},{"name":"Material Recovery Facility Operations","category":"Operations","proficiency":3},{"name":"Collection Route Optimization","category":"Operations","proficiency":5},{"name":"KPI Dashboarding","category":"Analytics","proficiency":2},{"name":"Vendor Contract Negotiation","category":"Leadership","proficiency":3}]'),
('Genevieve Waters', 'genevieve_waters@example.com', '465-446-1219 x0313', 'Lake Lolamouth', 'Oklahoma', 'USA', 13.4, 'Bachelor', 'Recycling Operations Supervisor', 'E-Waste and Battery Recovery', 'Recycling Operations Supervisor focused on E-Waste and Battery Recovery. Owns KPI reviews and translates results into practical process improvements. Partners with city agencies and haulers to improve resident participation. Known for building practical recycling workflows and measurable team outcomes.', '[{"name":"KPI Dashboarding","category":"Analytics","proficiency":5},{"name":"Union Workforce Coordination","category":"Leadership","proficiency":2},{"name":"Vendor Contract Negotiation","category":"Leadership","proficiency":3},{"name":"Waste Stream Auditing","category":"Operations","proficiency":3},{"name":"Life Cycle Assessment","category":"Sustainability","proficiency":5},{"name":"Budget Planning","category":"Leadership","proficiency":5}]'),
('Julia Kovacek', 'julia_kovacek68@example.com', '240-267-0492', 'Edwincester', 'Massachusetts', 'USA', 6, 'Bachelor', 'Sustainability Program Lead', 'Construction and Demolition Recovery', 'Sustainability Program Lead focused on Construction and Demolition Recovery. Owns KPI reviews and translates results into practical process improvements. Leads cross-site initiatives to increase diversion rates while reducing contamination. Known for building practical recycling workflows and measurable team outcomes.', '[{"name":"Vendor Contract Negotiation","category":"Leadership","proficiency":5},{"name":"Extended Producer Responsibility","category":"Sustainability","proficiency":4},{"name":"Union Workforce Coordination","category":"Leadership","proficiency":5},{"name":"KPI Dashboarding","category":"Analytics","proficiency":4},{"name":"ISO 14001 Compliance","category":"Compliance","proficiency":3},{"name":"Data-driven Process Improvement","category":"Analytics","proficiency":3}]'),
('Alma Streich Sr.', 'alma_sr.86@example.com', '1-356-242-3951 x1247', 'Columbia', 'Iowa', 'USA', 24.7, 'Bachelor', 'Sustainability Program Lead', 'Construction and Demolition Recovery', 'Sustainability Program Lead focused on Construction and Demolition Recovery. Partners with city agencies and haulers to improve resident participation. Owns KPI reviews and translates results into practical process improvements. Known for building practical recycling workflows and measurable team outcomes.', '[{"name":"ISO 14001 Compliance","category":"Compliance","proficiency":5},{"name":"Waste Stream Auditing","category":"Operations","proficiency":2},{"name":"Data-driven Process Improvement","category":"Analytics","proficiency":5},{"name":"Emergency Incident Response","category":"Safety","proficiency":3},{"name":"Union Workforce Coordination","category":"Leadership","proficiency":2},{"name":"Life Cycle Assessment","category":"Sustainability","proficiency":4},{"name":"Forecasting and Capacity Planning","category":"Analytics","proficiency":3},{"name":"Material Recovery Facility Operations","category":"Operations","proficiency":3}]'),
('Jessie Robel DDS', 'jessie_dds70@example.com', '(657) 992-1510 x620', 'Port Jamarcusborough', 'Oregon', 'USA', 12.3, 'Professional Certificate', 'Circular Economy Operations Manager', 'Industrial Recycling', 'Circular Economy Operations Manager focused on Industrial Recycling. Partners with city agencies and haulers to improve resident participation. Coordinates safety-first operations across field and processing teams. Known for building practical recycling workflows and measurable team outcomes.', '[{"name":"Cross-functional Stakeholder Management","category":"Leadership","proficiency":3},{"name":"Circular Economy Strategy","category":"Sustainability","proficiency":2},{"name":"EPA Regulatory Reporting","category":"Compliance","proficiency":4},{"name":"Budget Planning","category":"Leadership","proficiency":3},{"name":"Vendor Contract Negotiation","category":"Leadership","proficiency":2},{"name":"Waste Stream Auditing","category":"Operations","proficiency":4},{"name":"Composting Program Design","category":"Sustainability","proficiency":4},{"name":"Hazardous Material Handling","category":"Safety","proficiency":3}]'),
('Linda Gottlieb', 'linda_gottlieb@example.com', '(794) 691-3968 x7893', 'Ralphmouth', 'Minnesota', 'USA', 3.4, 'Bachelor', 'Environmental Compliance Manager', 'Industrial Recycling', 'Environmental Compliance Manager focused on Industrial Recycling. Mentors frontline supervisors and supports high-retention team culture. Owns KPI reviews and translates results into practical process improvements. Known for building practical recycling workflows and measurable team outcomes.', '[{"name":"Lean Six Sigma","category":"Operations","proficiency":2},{"name":"Life Cycle Assessment","category":"Sustainability","proficiency":5},{"name":"Hazardous Material Handling","category":"Safety","proficiency":4},{"name":"Forecasting and Capacity Planning","category":"Analytics","proficiency":4},{"name":"Union Workforce Coordination","category":"Leadership","proficiency":4},{"name":"EPA Regulatory Reporting","category":"Compliance","proficiency":4}]'),
('Santiago Treutel', 'santiago_treutel22@example.com', '(642) 324-9940 x063', 'Antoneburgh', 'Colorado', 'USA', 24, 'Bachelor', 'Sustainability Program Lead', 'E-Waste and Battery Recovery', 'Sustainability Program Lead focused on E-Waste and Battery Recovery. Leads cross-site initiatives to increase diversion rates while reducing contamination. Coordinates safety-first operations across field and processing teams. Known for building practical recycling workflows and measurable team outcomes.', '[{"name":"Emergency Incident Response","category":"Safety","proficiency":5},{"name":"Forecasting and Capacity Planning","category":"Analytics","proficiency":3},{"name":"OSHA Safety Standards","category":"Safety","proficiency":4},{"name":"Budget Planning","category":"Leadership","proficiency":3},{"name":"Extended Producer Responsibility","category":"Sustainability","proficiency":2},{"name":"Union Workforce Coordination","category":"Leadership","proficiency":3},{"name":"ISO 14001 Compliance","category":"Compliance","proficiency":2},{"name":"Composting Program Design","category":"Sustainability","proficiency":2}]'),
('Pablo Nader', 'pablo_nader92@example.com', '1-947-893-4450 x2837', 'Hartmannport', 'Tennessee', 'USA', 18.9, 'Master', 'Recycling Operations Supervisor', 'Municipal Solid Waste', 'Recycling Operations Supervisor focused on Municipal Solid Waste. Leads cross-site initiatives to increase diversion rates while reducing contamination. Mentors frontline supervisors and supports high-retention team culture. Known for building practical recycling workflows and measurable team outcomes.', '[{"name":"Lean Six Sigma","category":"Operations","proficiency":2},{"name":"ISO 14001 Compliance","category":"Compliance","proficiency":3},{"name":"Circular Economy Strategy","category":"Sustainability","proficiency":3},{"name":"Cross-functional Stakeholder Management","category":"Leadership","proficiency":4},{"name":"Contamination Reduction Programs","category":"Operations","proficiency":5},{"name":"EPA Regulatory Reporting","category":"Compliance","proficiency":3}]'),
('Maryann Hills', 'maryann.hills93@example.com', '1-620-752-5604 x1216', 'New Alek', 'South Carolina', 'USA', 18, 'Associate', 'Waste Reduction Strategy Manager', 'Municipal Solid Waste', 'Waste Reduction Strategy Manager focused on Municipal Solid Waste. Owns KPI reviews and translates results into practical process improvements. Mentors frontline supervisors and supports high-retention team culture. Known for building practical recycling workflows and measurable team outcomes.', '[{"name":"Circular Economy Strategy","category":"Sustainability","proficiency":2},{"name":"Data-driven Process Improvement","category":"Analytics","proficiency":2},{"name":"OSHA Safety Standards","category":"Safety","proficiency":5},{"name":"Union Workforce Coordination","category":"Leadership","proficiency":2},{"name":"Waste Stream Auditing","category":"Operations","proficiency":2},{"name":"KPI Dashboarding","category":"Analytics","proficiency":5},{"name":"Composting Program Design","category":"Sustainability","proficiency":5},{"name":"Cross-functional Stakeholder Management","category":"Leadership","proficiency":3}]'),
('Noel Gulgowski', 'noel.gulgowski@example.com', '772.688.5773 x9182', 'New Dayanaton', 'Arkansas', 'USA', 8.5, 'Professional Certificate', 'Circular Economy Operations Manager', 'E-Waste and Battery Recovery', 'Circular Economy Operations Manager focused on E-Waste and Battery Recovery. Leads cross-site initiatives to increase diversion rates while reducing contamination. Balances compliance obligations with operational efficiency goals. Known for building practical recycling workflows and measurable team outcomes.', '[{"name":"Contamination Reduction Programs","category":"Operations","proficiency":2},{"name":"Budget Planning","category":"Leadership","proficiency":4},{"name":"Lean Six Sigma","category":"Operations","proficiency":5},{"name":"Vendor Contract Negotiation","category":"Leadership","proficiency":2},{"name":"Cross-functional Stakeholder Management","category":"Leadership","proficiency":5}]'),
('Dr. Mario Stroman MD', 'dr.md33@example.com', '(273) 501-1003 x7927', 'Novi', 'Alaska', 'USA', 5.3, 'Master', 'Materials Recovery Facility Manager', 'Commercial Recycling', 'Materials Recovery Facility Manager focused on Commercial Recycling. Coordinates safety-first operations across field and processing teams. Mentors frontline supervisors and supports high-retention team culture. Known for building practical recycling workflows and measurable team outcomes.', '[{"name":"ISO 14001 Compliance","category":"Compliance","proficiency":5},{"name":"Composting Program Design","category":"Sustainability","proficiency":2},{"name":"KPI Dashboarding","category":"Analytics","proficiency":4},{"name":"Collection Route Optimization","category":"Operations","proficiency":4},{"name":"Union Workforce Coordination","category":"Leadership","proficiency":3}]'),
('Ethel Harris', 'ethel_harris14@example.com', '917-976-1205', 'Boca Raton', 'Arkansas', 'USA', 9.8, 'Bachelor', 'Sustainability Program Lead', 'E-Waste and Battery Recovery', 'Sustainability Program Lead focused on E-Waste and Battery Recovery. Partners with city agencies and haulers to improve resident participation. Coordinates safety-first operations across field and processing teams. Known for building practical recycling workflows and measurable team outcomes.', '[{"name":"Vendor Contract Negotiation","category":"Leadership","proficiency":3},{"name":"Budget Planning","category":"Leadership","proficiency":2},{"name":"Lean Six Sigma","category":"Operations","proficiency":4},{"name":"Waste Stream Auditing","category":"Operations","proficiency":3},{"name":"Data-driven Process Improvement","category":"Analytics","proficiency":5},{"name":"Union Workforce Coordination","category":"Leadership","proficiency":2},{"name":"Material Recovery Facility Operations","category":"Operations","proficiency":4}]'),
('Cary Rippin II', 'cary.ii@example.com', '1-565-781-7739 x298', 'Kurtborough', 'Alaska', 'USA', 11.7, 'Bachelor', 'Waste Reduction Strategy Manager', 'E-Waste and Battery Recovery', 'Waste Reduction Strategy Manager focused on E-Waste and Battery Recovery. Coordinates safety-first operations across field and processing teams. Mentors frontline supervisors and supports high-retention team culture. Known for building practical recycling workflows and measurable team outcomes.', '[{"name":"Circular Economy Strategy","category":"Sustainability","proficiency":3},{"name":"Collection Route Optimization","category":"Operations","proficiency":4},{"name":"Material Recovery Facility Operations","category":"Operations","proficiency":2},{"name":"KPI Dashboarding","category":"Analytics","proficiency":4},{"name":"Budget Planning","category":"Leadership","proficiency":5},{"name":"EPA Regulatory Reporting","category":"Compliance","proficiency":4}]'),
('Ervin Lebsack', 'ervin.lebsack@example.com', '477.963.3965 x80888', 'Doyleshire', 'New Hampshire', 'USA', 14.6, 'Associate', 'Recycling Operations Supervisor', 'Municipal Solid Waste', 'Recycling Operations Supervisor focused on Municipal Solid Waste. Balances compliance obligations with operational efficiency goals. Mentors frontline supervisors and supports high-retention team culture. Known for building practical recycling workflows and measurable team outcomes.', '[{"name":"Forecasting and Capacity Planning","category":"Analytics","proficiency":5},{"name":"KPI Dashboarding","category":"Analytics","proficiency":4},{"name":"Circular Economy Strategy","category":"Sustainability","proficiency":2},{"name":"EPA Regulatory Reporting","category":"Compliance","proficiency":5},{"name":"Vendor Contract Negotiation","category":"Leadership","proficiency":3},{"name":"Contamination Reduction Programs","category":"Operations","proficiency":2},{"name":"Emergency Incident Response","category":"Safety","proficiency":3},{"name":"Hazardous Material Handling","category":"Safety","proficiency":5}]'),
('Ruth Sawayn', 'ruth.sawayn@example.com', '906.476.9506 x95038', 'Tiafort', 'Georgia', 'USA', 17.8, 'Associate', 'Materials Recovery Facility Manager', 'Commercial Recycling', 'Materials Recovery Facility Manager focused on Commercial Recycling. Mentors frontline supervisors and supports high-retention team culture. Coordinates safety-first operations across field and processing teams. Known for building practical recycling workflows and measurable team outcomes.', '[{"name":"Emergency Incident Response","category":"Safety","proficiency":4},{"name":"Budget Planning","category":"Leadership","proficiency":2},{"name":"Contamination Reduction Programs","category":"Operations","proficiency":3},{"name":"Cross-functional Stakeholder Management","category":"Leadership","proficiency":3},{"name":"Forecasting and Capacity Planning","category":"Analytics","proficiency":3}]'),
('Kyle Quigley', 'kyle_quigley@example.com', '1-809-869-9216 x176', 'New Adaline', 'North Dakota', 'USA', 6, 'Bachelor', 'Sustainability Program Lead', 'Industrial Recycling', 'Sustainability Program Lead focused on Industrial Recycling. Balances compliance obligations with operational efficiency goals. Coordinates safety-first operations across field and processing teams. Known for building practical recycling workflows and measurable team outcomes.', '[{"name":"OSHA Safety Standards","category":"Safety","proficiency":2},{"name":"Life Cycle Assessment","category":"Sustainability","proficiency":5},{"name":"Cross-functional Stakeholder Management","category":"Leadership","proficiency":2},{"name":"Waste Stream Auditing","category":"Operations","proficiency":3},{"name":"Composting Program Design","category":"Sustainability","proficiency":3},{"name":"EPA Regulatory Reporting","category":"Compliance","proficiency":5},{"name":"Lean Six Sigma","category":"Operations","proficiency":3},{"name":"Forecasting and Capacity Planning","category":"Analytics","proficiency":2}]'),
('Guy Hoeger', 'guy_hoeger2@example.com', '1-409-563-4618 x961', 'Little Rock', 'Minnesota', 'USA', 12.7, 'Bachelor', 'Materials Recovery Facility Manager', 'Industrial Recycling', 'Materials Recovery Facility Manager focused on Industrial Recycling. Coordinates safety-first operations across field and processing teams. Mentors frontline supervisors and supports high-retention team culture. Known for building practical recycling workflows and measurable team outcomes.', '[{"name":"Contamination Reduction Programs","category":"Operations","proficiency":3},{"name":"Emergency Incident Response","category":"Safety","proficiency":2},{"name":"Hazardous Material Handling","category":"Safety","proficiency":2},{"name":"OSHA Safety Standards","category":"Safety","proficiency":5},{"name":"Extended Producer Responsibility","category":"Sustainability","proficiency":5},{"name":"Data-driven Process Improvement","category":"Analytics","proficiency":3},{"name":"Budget Planning","category":"Leadership","proficiency":4},{"name":"Collection Route Optimization","category":"Operations","proficiency":3}]'),
('Paulette Bernhard', 'paulette_bernhard3@example.com', '(745) 373-6488 x4919', 'Athens-Clarke County', 'Louisiana', 'USA', 4.6, 'Master', 'Waste Reduction Strategy Manager', 'Municipal Solid Waste', 'Waste Reduction Strategy Manager focused on Municipal Solid Waste. Coordinates safety-first operations across field and processing teams. Mentors frontline supervisors and supports high-retention team culture. Known for building practical recycling workflows and measurable team outcomes.', '[{"name":"Composting Program Design","category":"Sustainability","proficiency":2},{"name":"ISO 14001 Compliance","category":"Compliance","proficiency":5},{"name":"Data-driven Process Improvement","category":"Analytics","proficiency":3},{"name":"Contamination Reduction Programs","category":"Operations","proficiency":5},{"name":"Waste Stream Auditing","category":"Operations","proficiency":5}]');

INSERT INTO candidate_skills (candidate_id, skill_id, proficiency)
VALUES
(1, 13, 5),
(1, 16, 2),
(1, 20, 3),
(1, 9, 4),
(1, 7, 2),
(1, 12, 4),
(1, 10, 3),
(2, 16, 2),
(2, 21, 4),
(2, 20, 2),
(2, 17, 3),
(2, 8, 3),
(2, 18, 3),
(2, 12, 4),
(3, 15, 5),
(3, 14, 4),
(3, 1, 3),
(3, 21, 2),
(3, 8, 3),
(3, 6, 4),
(3, 9, 3),
(4, 17, 3),
(4, 10, 4),
(4, 12, 4),
(4, 5, 2),
(4, 6, 4),
(4, 3, 3),
(4, 11, 2),
(4, 18, 5),
(5, 21, 4),
(5, 6, 4),
(5, 3, 5),
(5, 22, 3),
(5, 9, 3),
(5, 17, 5),
(5, 12, 5),
(5, 14, 2),
(6, 5, 3),
(6, 14, 4),
(6, 20, 4),
(6, 1, 4),
(6, 19, 3),
(6, 22, 2),
(7, 5, 3),
(7, 9, 2),
(7, 12, 3),
(7, 4, 5),
(7, 8, 5),
(7, 21, 4),
(7, 19, 5),
(7, 18, 5),
(8, 22, 5),
(8, 11, 4),
(8, 17, 2),
(8, 21, 2),
(8, 13, 2),
(8, 19, 3),
(8, 16, 4),
(8, 15, 4),
(9, 19, 4),
(9, 7, 4),
(9, 13, 4),
(9, 9, 4),
(9, 21, 2),
(9, 2, 5),
(9, 17, 2),
(9, 1, 5),
(10, 2, 5),
(10, 11, 5),
(10, 7, 2),
(10, 3, 3),
(10, 9, 4),
(10, 5, 3),
(10, 22, 5),
(11, 1, 3),
(11, 6, 2),
(11, 13, 3),
(11, 15, 5),
(11, 7, 2),
(11, 16, 5),
(12, 18, 2),
(12, 10, 2),
(12, 22, 4),
(12, 5, 4),
(12, 8, 5),
(12, 3, 4),
(12, 2, 4),
(12, 20, 5),
(13, 18, 3),
(13, 5, 5),
(13, 2, 2),
(13, 21, 2),
(13, 12, 3),
(13, 1, 5),
(13, 8, 3),
(13, 10, 3),
(14, 13, 2),
(14, 17, 3),
(14, 21, 5),
(14, 5, 3),
(14, 11, 4),
(15, 5, 3),
(15, 20, 5),
(15, 16, 4),
(15, 19, 5),
(15, 6, 4),
(15, 9, 4),
(15, 15, 2),
(16, 17, 4),
(16, 2, 2),
(16, 5, 2),
(16, 13, 3),
(16, 20, 2),
(16, 7, 2),
(16, 3, 2),
(16, 15, 4),
(17, 7, 3),
(17, 17, 4),
(17, 1, 2),
(17, 8, 4),
(17, 13, 5),
(18, 14, 3),
(18, 13, 4),
(18, 22, 3),
(18, 8, 3),
(18, 3, 3),
(18, 7, 2),
(18, 2, 3),
(19, 1, 2),
(19, 19, 3),
(19, 10, 3),
(19, 5, 3),
(19, 20, 5),
(19, 13, 3),
(19, 4, 3),
(20, 15, 3),
(20, 21, 3),
(20, 1, 5),
(20, 16, 5),
(20, 8, 4),
(21, 22, 4),
(21, 13, 2),
(21, 21, 5),
(21, 5, 2),
(21, 4, 2),
(21, 19, 2),
(21, 6, 3),
(21, 8, 2),
(22, 18, 5),
(22, 20, 3),
(22, 13, 4),
(22, 17, 3),
(22, 10, 5),
(22, 7, 5),
(23, 20, 3),
(23, 11, 3),
(23, 6, 4),
(23, 12, 4),
(23, 1, 3),
(23, 2, 5),
(23, 19, 2),
(23, 18, 3),
(24, 19, 5),
(24, 15, 2),
(24, 18, 3),
(24, 3, 3),
(24, 8, 5),
(24, 17, 5),
(25, 18, 5),
(25, 7, 4),
(25, 15, 5),
(25, 19, 4),
(25, 9, 3),
(25, 21, 3),
(26, 9, 5),
(26, 3, 2),
(26, 21, 5),
(26, 13, 3),
(26, 15, 2),
(26, 8, 4),
(26, 20, 3),
(26, 1, 3),
(27, 16, 3),
(27, 6, 2),
(27, 10, 4),
(27, 17, 3),
(27, 18, 2),
(27, 3, 4),
(27, 5, 4),
(27, 12, 3),
(28, 22, 2),
(28, 8, 5),
(28, 12, 4),
(28, 20, 4),
(28, 15, 4),
(28, 10, 4),
(29, 13, 5),
(29, 20, 3),
(29, 11, 4),
(29, 17, 3),
(29, 7, 2),
(29, 15, 3),
(29, 9, 2),
(29, 5, 2),
(30, 22, 2),
(30, 9, 3),
(30, 6, 3),
(30, 16, 4),
(30, 4, 5),
(30, 10, 3),
(31, 6, 2),
(31, 21, 2),
(31, 11, 5),
(31, 15, 2),
(31, 3, 2),
(31, 19, 5),
(31, 5, 5),
(31, 16, 3),
(32, 4, 2),
(32, 17, 4),
(32, 22, 5),
(32, 18, 2),
(32, 16, 5),
(33, 9, 5),
(33, 5, 2),
(33, 19, 4),
(33, 2, 4),
(33, 15, 3),
(34, 18, 3),
(34, 17, 2),
(34, 22, 4),
(34, 3, 3),
(34, 21, 5),
(34, 15, 2),
(34, 1, 4),
(35, 6, 3),
(35, 2, 4),
(35, 1, 2),
(35, 19, 4),
(35, 17, 5),
(35, 10, 4),
(36, 20, 5),
(36, 19, 4),
(36, 6, 2),
(36, 10, 5),
(36, 18, 3),
(36, 4, 2),
(36, 13, 3),
(36, 12, 5),
(37, 13, 4),
(37, 17, 2),
(37, 4, 3),
(37, 16, 3),
(37, 20, 3),
(38, 11, 2),
(38, 8, 5),
(38, 16, 2),
(38, 3, 3),
(38, 5, 3),
(38, 10, 5),
(38, 22, 3),
(38, 20, 2),
(39, 4, 3),
(39, 13, 2),
(39, 12, 2),
(39, 11, 5),
(39, 7, 5),
(39, 21, 3),
(39, 17, 4),
(39, 2, 3),
(40, 5, 2),
(40, 9, 5),
(40, 21, 3),
(40, 4, 5),
(40, 3, 5);

INSERT INTO evaluations (candidate_id, evaluator_version, crisis_score, sustainability_score, motivation_score, justification_json, evaluated_at)
VALUES
(1, 'v1', 88, 79, 75, '{"crisis_management":"Dr. Milton Pfeffer demonstrates strong situational control through Emergency Incident Response and ISO 14001 Compliance, backed by 5.6 years of operational leadership.","sustainability_knowledge":"Candidate applies policy and process knowledge to diversion goals in Commercial Recycling, with consistent execution on compliance and waste reduction practices.","team_motivation":"Candidate exhibits practical coaching behavior and communication discipline, with evidence of sustaining team engagement during high-variance operating periods.","strengths":["Emergency Incident Response","ISO 14001 Compliance"],"scoring_note":"Scores generated using evaluator version v1 with weighted dimensions for crisis, sustainability, and motivation."}', '2026-01-27 10:46:18'),
(2, 'v1', 96, 80, 80, '{"crisis_management":"Cynthia Bergstrom DVM demonstrates strong situational control through Data-driven Process Improvement and Hazardous Material Handling, backed by 5.8 years of operational leadership.","sustainability_knowledge":"Candidate applies policy and process knowledge to diversion goals in E-Waste and Battery Recovery, with consistent execution on compliance and waste reduction practices.","team_motivation":"Candidate exhibits practical coaching behavior and communication discipline, with evidence of sustaining team engagement during high-variance operating periods.","strengths":["Data-driven Process Improvement","Hazardous Material Handling"],"scoring_note":"Scores generated using evaluator version v1 with weighted dimensions for crisis, sustainability, and motivation."}', '2026-01-03 03:58:45'),
(3, 'v1', 100, 97, 100, '{"crisis_management":"Beatrice Hilll demonstrates strong situational control through Union Workforce Coordination and Team Coaching, backed by 12.6 years of operational leadership.","sustainability_knowledge":"Candidate applies policy and process knowledge to diversion goals in Industrial Recycling, with consistent execution on compliance and waste reduction practices.","team_motivation":"Candidate exhibits practical coaching behavior and communication discipline, with evidence of sustaining team engagement during high-variance operating periods.","strengths":["Union Workforce Coordination","Team Coaching"],"scoring_note":"Scores generated using evaluator version v1 with weighted dimensions for crisis, sustainability, and motivation."}', '2026-01-25 19:41:41'),
(4, 'v1', 100, 100, 95, '{"crisis_management":"Merle Hagenes demonstrates strong situational control through Vendor Contract Negotiation and EPA Regulatory Reporting, backed by 18.3 years of operational leadership.","sustainability_knowledge":"Candidate applies policy and process knowledge to diversion goals in Commercial Recycling, with consistent execution on compliance and waste reduction practices.","team_motivation":"Candidate exhibits practical coaching behavior and communication discipline, with evidence of sustaining team engagement during high-variance operating periods.","strengths":["Vendor Contract Negotiation","EPA Regulatory Reporting"],"scoring_note":"Scores generated using evaluator version v1 with weighted dimensions for crisis, sustainability, and motivation."}', '2026-01-02 08:35:14'),
(5, 'v1', 100, 98, 80, '{"crisis_management":"Debbie Kris V demonstrates strong situational control through Waste Stream Auditing and Budget Planning, backed by 3.4 years of operational leadership.","sustainability_knowledge":"Candidate applies policy and process knowledge to diversion goals in Commercial Recycling, with consistent execution on compliance and waste reduction practices.","team_motivation":"Candidate exhibits practical coaching behavior and communication discipline, with evidence of sustaining team engagement during high-variance operating periods.","strengths":["Waste Stream Auditing","Budget Planning"],"scoring_note":"Scores generated using evaluator version v1 with weighted dimensions for crisis, sustainability, and motivation."}', '2025-12-12 15:36:01'),
(6, 'v1', 100, 100, 100, '{"crisis_management":"Edmond Pagac-Runte demonstrates strong situational control through Team Coaching and Forecasting and Capacity Planning, backed by 16.8 years of operational leadership.","sustainability_knowledge":"Candidate applies policy and process knowledge to diversion goals in Construction and Demolition Recovery, with consistent execution on compliance and waste reduction practices.","team_motivation":"Candidate exhibits practical coaching behavior and communication discipline, with evidence of sustaining team engagement during high-variance operating periods.","strengths":["Team Coaching","Forecasting and Capacity Planning"],"scoring_note":"Scores generated using evaluator version v1 with weighted dimensions for crisis, sustainability, and motivation."}', '2026-02-13 01:25:28'),
(7, 'v1', 100, 100, 100, '{"crisis_management":"Amos D''Amore demonstrates strong situational control through Contamination Reduction Programs and Life Cycle Assessment, backed by 16.7 years of operational leadership.","sustainability_knowledge":"Candidate applies policy and process knowledge to diversion goals in Municipal Solid Waste, with consistent execution on compliance and waste reduction practices.","team_motivation":"Candidate exhibits practical coaching behavior and communication discipline, with evidence of sustaining team engagement during high-variance operating periods.","strengths":["Contamination Reduction Programs","Life Cycle Assessment"],"scoring_note":"Scores generated using evaluator version v1 with weighted dimensions for crisis, sustainability, and motivation."}', '2026-01-29 11:00:38'),
(8, 'v1', 100, 90, 87, '{"crisis_management":"Lana Heidenreich DDS demonstrates strong situational control through Lean Six Sigma and OSHA Safety Standards, backed by 9.6 years of operational leadership.","sustainability_knowledge":"Candidate applies policy and process knowledge to diversion goals in E-Waste and Battery Recovery, with consistent execution on compliance and waste reduction practices.","team_motivation":"Candidate exhibits practical coaching behavior and communication discipline, with evidence of sustaining team engagement during high-variance operating periods.","strengths":["Lean Six Sigma","OSHA Safety Standards"],"scoring_note":"Scores generated using evaluator version v1 with weighted dimensions for crisis, sustainability, and motivation."}', '2026-01-22 18:22:15'),
(9, 'v1', 100, 100, 91, '{"crisis_management":"Felipe Walter demonstrates strong situational control through Collection Route Optimization and Material Recovery Facility Operations, backed by 16.1 years of operational leadership.","sustainability_knowledge":"Candidate applies policy and process knowledge to diversion goals in E-Waste and Battery Recovery, with consistent execution on compliance and waste reduction practices.","team_motivation":"Candidate exhibits practical coaching behavior and communication discipline, with evidence of sustaining team engagement during high-variance operating periods.","strengths":["Collection Route Optimization","Material Recovery Facility Operations"],"scoring_note":"Scores generated using evaluator version v1 with weighted dimensions for crisis, sustainability, and motivation."}', '2025-11-21 15:45:59'),
(10, 'v1', 90, 85, 71, '{"crisis_management":"Jody O''Conner Sr. demonstrates strong situational control through Collection Route Optimization and OSHA Safety Standards, backed by 4.3 years of operational leadership.","sustainability_knowledge":"Candidate applies policy and process knowledge to diversion goals in Commercial Recycling, with consistent execution on compliance and waste reduction practices.","team_motivation":"Candidate exhibits practical coaching behavior and communication discipline, with evidence of sustaining team engagement during high-variance operating periods.","strengths":["Collection Route Optimization","OSHA Safety Standards"],"scoring_note":"Scores generated using evaluator version v1 with weighted dimensions for crisis, sustainability, and motivation."}', '2026-02-13 05:18:20'),
(11, 'v1', 100, 93, 100, '{"crisis_management":"Clarence Hansen demonstrates strong situational control through Union Workforce Coordination and Cross-functional Stakeholder Management, backed by 13.1 years of operational leadership.","sustainability_knowledge":"Candidate applies policy and process knowledge to diversion goals in Municipal Solid Waste, with consistent execution on compliance and waste reduction practices.","team_motivation":"Candidate exhibits practical coaching behavior and communication discipline, with evidence of sustaining team engagement during high-variance operating periods.","strengths":["Union Workforce Coordination","Cross-functional Stakeholder Management"],"scoring_note":"Scores generated using evaluator version v1 with weighted dimensions for crisis, sustainability, and motivation."}', '2026-02-09 06:16:28'),
(12, 'v1', 99, 100, 87, '{"crisis_management":"Timmy Kautzer demonstrates strong situational control through Life Cycle Assessment and Forecasting and Capacity Planning, backed by 15.6 years of operational leadership.","sustainability_knowledge":"Candidate applies policy and process knowledge to diversion goals in Organics Diversion, with consistent execution on compliance and waste reduction practices.","team_motivation":"Candidate exhibits practical coaching behavior and communication discipline, with evidence of sustaining team engagement during high-variance operating periods.","strengths":["Life Cycle Assessment","Forecasting and Capacity Planning"],"scoring_note":"Scores generated using evaluator version v1 with weighted dimensions for crisis, sustainability, and motivation."}', '2026-01-01 03:07:10'),
(13, 'v1', 83, 97, 66, '{"crisis_management":"Archie Senger demonstrates strong situational control through Composting Program Design and Material Recovery Facility Operations, backed by 5.4 years of operational leadership.","sustainability_knowledge":"Candidate applies policy and process knowledge to diversion goals in Industrial Recycling, with consistent execution on compliance and waste reduction practices.","team_motivation":"Candidate exhibits practical coaching behavior and communication discipline, with evidence of sustaining team engagement during high-variance operating periods.","strengths":["Composting Program Design","Material Recovery Facility Operations"],"scoring_note":"Scores generated using evaluator version v1 with weighted dimensions for crisis, sustainability, and motivation."}', '2025-12-14 07:51:25'),
(14, 'v1', 100, 100, 100, '{"crisis_management":"Dr. Cameron Reilly demonstrates strong situational control through Data-driven Process Improvement and OSHA Safety Standards, backed by 22.3 years of operational leadership.","sustainability_knowledge":"Candidate applies policy and process knowledge to diversion goals in Municipal Solid Waste, with consistent execution on compliance and waste reduction practices.","team_motivation":"Candidate exhibits practical coaching behavior and communication discipline, with evidence of sustaining team engagement during high-variance operating periods.","strengths":["Data-driven Process Improvement","OSHA Safety Standards"],"scoring_note":"Scores generated using evaluator version v1 with weighted dimensions for crisis, sustainability, and motivation."}', '2025-11-21 22:40:54'),
(15, 'v1', 100, 100, 94, '{"crisis_management":"Jennie Hodkiewicz V demonstrates strong situational control through Forecasting and Capacity Planning and KPI Dashboarding, backed by 15.7 years of operational leadership.","sustainability_knowledge":"Candidate applies policy and process knowledge to diversion goals in Organics Diversion, with consistent execution on compliance and waste reduction practices.","team_motivation":"Candidate exhibits practical coaching behavior and communication discipline, with evidence of sustaining team engagement during high-variance operating periods.","strengths":["Forecasting and Capacity Planning","KPI Dashboarding"],"scoring_note":"Scores generated using evaluator version v1 with weighted dimensions for crisis, sustainability, and motivation."}', '2025-12-02 23:17:16'),
(16, 'v1', 100, 100, 100, '{"crisis_management":"Mrs. Melody Durgan demonstrates strong situational control through Budget Planning and Union Workforce Coordination, backed by 21.2 years of operational leadership.","sustainability_knowledge":"Candidate applies policy and process knowledge to diversion goals in Organics Diversion, with consistent execution on compliance and waste reduction practices.","team_motivation":"Candidate exhibits practical coaching behavior and communication discipline, with evidence of sustaining team engagement during high-variance operating periods.","strengths":["Budget Planning","Union Workforce Coordination"],"scoring_note":"Scores generated using evaluator version v1 with weighted dimensions for crisis, sustainability, and motivation."}', '2025-12-04 06:06:57'),
(17, 'v1', 100, 100, 85, '{"crisis_management":"Arthur Hyatt demonstrates strong situational control through Emergency Incident Response and Budget Planning, backed by 12.8 years of operational leadership.","sustainability_knowledge":"Candidate applies policy and process knowledge to diversion goals in Organics Diversion, with consistent execution on compliance and waste reduction practices.","team_motivation":"Candidate exhibits practical coaching behavior and communication discipline, with evidence of sustaining team engagement during high-variance operating periods.","strengths":["Emergency Incident Response","Budget Planning"],"scoring_note":"Scores generated using evaluator version v1 with weighted dimensions for crisis, sustainability, and motivation."}', '2025-12-18 12:15:04'),
(18, 'v1', 100, 83, 89, '{"crisis_management":"Fannie Dickinson demonstrates strong situational control through Emergency Incident Response and Team Coaching, backed by 11.1 years of operational leadership.","sustainability_knowledge":"Candidate applies policy and process knowledge to diversion goals in E-Waste and Battery Recovery, with consistent execution on compliance and waste reduction practices.","team_motivation":"Candidate exhibits practical coaching behavior and communication discipline, with evidence of sustaining team engagement during high-variance operating periods.","strengths":["Emergency Incident Response","Team Coaching"],"scoring_note":"Scores generated using evaluator version v1 with weighted dimensions for crisis, sustainability, and motivation."}', '2026-02-08 16:56:01'),
(19, 'v1', 90, 92, 77, '{"crisis_management":"Geneva Bradtke DDS demonstrates strong situational control through Forecasting and Capacity Planning and KPI Dashboarding, backed by 9.8 years of operational leadership.","sustainability_knowledge":"Candidate applies policy and process knowledge to diversion goals in Municipal Solid Waste, with consistent execution on compliance and waste reduction practices.","team_motivation":"Candidate exhibits practical coaching behavior and communication discipline, with evidence of sustaining team engagement during high-variance operating periods.","strengths":["Forecasting and Capacity Planning","KPI Dashboarding"],"scoring_note":"Scores generated using evaluator version v1 with weighted dimensions for crisis, sustainability, and motivation."}', '2026-01-02 21:54:09'),
(20, 'v1', 100, 100, 100, '{"crisis_management":"Sherri West demonstrates strong situational control through Material Recovery Facility Operations and Cross-functional Stakeholder Management, backed by 20.9 years of operational leadership.","sustainability_knowledge":"Candidate applies policy and process knowledge to diversion goals in E-Waste and Battery Recovery, with consistent execution on compliance and waste reduction practices.","team_motivation":"Candidate exhibits practical coaching behavior and communication discipline, with evidence of sustaining team engagement during high-variance operating periods.","strengths":["Material Recovery Facility Operations","Cross-functional Stakeholder Management"],"scoring_note":"Scores generated using evaluator version v1 with weighted dimensions for crisis, sustainability, and motivation."}', '2026-02-03 04:27:04'),
(21, 'v1', 86, 76, 78, '{"crisis_management":"Leigh Jacobson demonstrates strong situational control through Data-driven Process Improvement and Lean Six Sigma, backed by 5.6 years of operational leadership.","sustainability_knowledge":"Candidate applies policy and process knowledge to diversion goals in Construction and Demolition Recovery, with consistent execution on compliance and waste reduction practices.","team_motivation":"Candidate exhibits practical coaching behavior and communication discipline, with evidence of sustaining team engagement during high-variance operating periods.","strengths":["Data-driven Process Improvement","Lean Six Sigma"],"scoring_note":"Scores generated using evaluator version v1 with weighted dimensions for crisis, sustainability, and motivation."}', '2025-12-08 10:24:52'),
(22, 'v1', 100, 100, 92, '{"crisis_management":"Dr. Jeffrey Wisozk V demonstrates strong situational control through Vendor Contract Negotiation and EPA Regulatory Reporting, backed by 18.7 years of operational leadership.","sustainability_knowledge":"Candidate applies policy and process knowledge to diversion goals in Construction and Demolition Recovery, with consistent execution on compliance and waste reduction practices.","team_motivation":"Candidate exhibits practical coaching behavior and communication discipline, with evidence of sustaining team engagement during high-variance operating periods.","strengths":["Vendor Contract Negotiation","EPA Regulatory Reporting"],"scoring_note":"Scores generated using evaluator version v1 with weighted dimensions for crisis, sustainability, and motivation."}', '2025-12-24 03:30:57'),
(23, 'v1', 100, 100, 98, '{"crisis_management":"Jan Schuppe demonstrates strong situational control through Collection Route Optimization and Circular Economy Strategy, backed by 18.3 years of operational leadership.","sustainability_knowledge":"Candidate applies policy and process knowledge to diversion goals in Commercial Recycling, with consistent execution on compliance and waste reduction practices.","team_motivation":"Candidate exhibits practical coaching behavior and communication discipline, with evidence of sustaining team engagement during high-variance operating periods.","strengths":["Collection Route Optimization","Circular Economy Strategy"],"scoring_note":"Scores generated using evaluator version v1 with weighted dimensions for crisis, sustainability, and motivation."}', '2025-12-25 16:00:49'),
(24, 'v1', 97, 100, 90, '{"crisis_management":"Genevieve Waters demonstrates strong situational control through KPI Dashboarding and Life Cycle Assessment, backed by 13.4 years of operational leadership.","sustainability_knowledge":"Candidate applies policy and process knowledge to diversion goals in E-Waste and Battery Recovery, with consistent execution on compliance and waste reduction practices.","team_motivation":"Candidate exhibits practical coaching behavior and communication discipline, with evidence of sustaining team engagement during high-variance operating periods.","strengths":["KPI Dashboarding","Life Cycle Assessment"],"scoring_note":"Scores generated using evaluator version v1 with weighted dimensions for crisis, sustainability, and motivation."}', '2025-12-24 08:06:15'),
(25, 'v1', 96, 96, 94, '{"crisis_management":"Julia Kovacek demonstrates strong situational control through Vendor Contract Negotiation and Union Workforce Coordination, backed by 6 years of operational leadership.","sustainability_knowledge":"Candidate applies policy and process knowledge to diversion goals in Construction and Demolition Recovery, with consistent execution on compliance and waste reduction practices.","team_motivation":"Candidate exhibits practical coaching behavior and communication discipline, with evidence of sustaining team engagement during high-variance operating periods.","strengths":["Vendor Contract Negotiation","Union Workforce Coordination"],"scoring_note":"Scores generated using evaluator version v1 with weighted dimensions for crisis, sustainability, and motivation."}', '2025-11-17 16:07:03'),
(26, 'v1', 100, 100, 100, '{"crisis_management":"Alma Streich Sr. demonstrates strong situational control through ISO 14001 Compliance and Data-driven Process Improvement, backed by 24.7 years of operational leadership.","sustainability_knowledge":"Candidate applies policy and process knowledge to diversion goals in Construction and Demolition Recovery, with consistent execution on compliance and waste reduction practices.","team_motivation":"Candidate exhibits practical coaching behavior and communication discipline, with evidence of sustaining team engagement during high-variance operating periods.","strengths":["ISO 14001 Compliance","Data-driven Process Improvement"],"scoring_note":"Scores generated using evaluator version v1 with weighted dimensions for crisis, sustainability, and motivation."}', '2026-01-06 15:58:16'),
(27, 'v1', 100, 100, 77, '{"crisis_management":"Jessie Robel DDS demonstrates strong situational control through EPA Regulatory Reporting and Waste Stream Auditing, backed by 12.3 years of operational leadership.","sustainability_knowledge":"Candidate applies policy and process knowledge to diversion goals in Industrial Recycling, with consistent execution on compliance and waste reduction practices.","team_motivation":"Candidate exhibits practical coaching behavior and communication discipline, with evidence of sustaining team engagement during high-variance operating periods.","strengths":["EPA Regulatory Reporting","Waste Stream Auditing"],"scoring_note":"Scores generated using evaluator version v1 with weighted dimensions for crisis, sustainability, and motivation."}', '2025-11-27 11:48:34'),
(28, 'v1', 92, 100, 77, '{"crisis_management":"Linda Gottlieb demonstrates strong situational control through Life Cycle Assessment and Hazardous Material Handling, backed by 3.4 years of operational leadership.","sustainability_knowledge":"Candidate applies policy and process knowledge to diversion goals in Industrial Recycling, with consistent execution on compliance and waste reduction practices.","team_motivation":"Candidate exhibits practical coaching behavior and communication discipline, with evidence of sustaining team engagement during high-variance operating periods.","strengths":["Life Cycle Assessment","Hazardous Material Handling"],"scoring_note":"Scores generated using evaluator version v1 with weighted dimensions for crisis, sustainability, and motivation."}', '2026-01-04 18:54:54'),
(29, 'v1', 100, 99, 100, '{"crisis_management":"Santiago Treutel demonstrates strong situational control through Emergency Incident Response and OSHA Safety Standards, backed by 24 years of operational leadership.","sustainability_knowledge":"Candidate applies policy and process knowledge to diversion goals in E-Waste and Battery Recovery, with consistent execution on compliance and waste reduction practices.","team_motivation":"Candidate exhibits practical coaching behavior and communication discipline, with evidence of sustaining team engagement during high-variance operating periods.","strengths":["Emergency Incident Response","OSHA Safety Standards"],"scoring_note":"Scores generated using evaluator version v1 with weighted dimensions for crisis, sustainability, and motivation."}', '2025-12-15 10:55:02'),
(30, 'v1', 100, 100, 100, '{"crisis_management":"Pablo Nader demonstrates strong situational control through Contamination Reduction Programs and Cross-functional Stakeholder Management, backed by 18.9 years of operational leadership.","sustainability_knowledge":"Candidate applies policy and process knowledge to diversion goals in Municipal Solid Waste, with consistent execution on compliance and waste reduction practices.","team_motivation":"Candidate exhibits practical coaching behavior and communication discipline, with evidence of sustaining team engagement during high-variance operating periods.","strengths":["Contamination Reduction Programs","Cross-functional Stakeholder Management"],"scoring_note":"Scores generated using evaluator version v1 with weighted dimensions for crisis, sustainability, and motivation."}', '2026-02-02 13:34:08'),
(31, 'v1', 100, 100, 93, '{"crisis_management":"Maryann Hills demonstrates strong situational control through OSHA Safety Standards and KPI Dashboarding, backed by 18 years of operational leadership.","sustainability_knowledge":"Candidate applies policy and process knowledge to diversion goals in Municipal Solid Waste, with consistent execution on compliance and waste reduction practices.","team_motivation":"Candidate exhibits practical coaching behavior and communication discipline, with evidence of sustaining team engagement during high-variance operating periods.","strengths":["OSHA Safety Standards","KPI Dashboarding"],"scoring_note":"Scores generated using evaluator version v1 with weighted dimensions for crisis, sustainability, and motivation."}', '2026-01-25 17:34:53'),
(32, 'v1', 90, 85, 79, '{"crisis_management":"Noel Gulgowski demonstrates strong situational control through Lean Six Sigma and Cross-functional Stakeholder Management, backed by 8.5 years of operational leadership.","sustainability_knowledge":"Candidate applies policy and process knowledge to diversion goals in E-Waste and Battery Recovery, with consistent execution on compliance and waste reduction practices.","team_motivation":"Candidate exhibits practical coaching behavior and communication discipline, with evidence of sustaining team engagement during high-variance operating periods.","strengths":["Lean Six Sigma","Cross-functional Stakeholder Management"],"scoring_note":"Scores generated using evaluator version v1 with weighted dimensions for crisis, sustainability, and motivation."}', '2025-12-29 07:22:15'),
(33, 'v1', 92, 88, 69, '{"crisis_management":"Dr. Mario Stroman MD demonstrates strong situational control through ISO 14001 Compliance and KPI Dashboarding, backed by 5.3 years of operational leadership.","sustainability_knowledge":"Candidate applies policy and process knowledge to diversion goals in Commercial Recycling, with consistent execution on compliance and waste reduction practices.","team_motivation":"Candidate exhibits practical coaching behavior and communication discipline, with evidence of sustaining team engagement during high-variance operating periods.","strengths":["ISO 14001 Compliance","KPI Dashboarding"],"scoring_note":"Scores generated using evaluator version v1 with weighted dimensions for crisis, sustainability, and motivation."}', '2025-11-17 15:57:41'),
(34, 'v1', 96, 93, 85, '{"crisis_management":"Ethel Harris demonstrates strong situational control through Data-driven Process Improvement and Lean Six Sigma, backed by 9.8 years of operational leadership.","sustainability_knowledge":"Candidate applies policy and process knowledge to diversion goals in E-Waste and Battery Recovery, with consistent execution on compliance and waste reduction practices.","team_motivation":"Candidate exhibits practical coaching behavior and communication discipline, with evidence of sustaining team engagement during high-variance operating periods.","strengths":["Data-driven Process Improvement","Lean Six Sigma"],"scoring_note":"Scores generated using evaluator version v1 with weighted dimensions for crisis, sustainability, and motivation."}', '2025-11-30 15:55:51'),
(35, 'v1', 100, 100, 98, '{"crisis_management":"Cary Rippin II demonstrates strong situational control through Budget Planning and Collection Route Optimization, backed by 11.7 years of operational leadership.","sustainability_knowledge":"Candidate applies policy and process knowledge to diversion goals in E-Waste and Battery Recovery, with consistent execution on compliance and waste reduction practices.","team_motivation":"Candidate exhibits practical coaching behavior and communication discipline, with evidence of sustaining team engagement during high-variance operating periods.","strengths":["Budget Planning","Collection Route Optimization"],"scoring_note":"Scores generated using evaluator version v1 with weighted dimensions for crisis, sustainability, and motivation."}', '2026-02-02 14:12:32'),
(36, 'v1', 100, 100, 88, '{"crisis_management":"Ervin Lebsack demonstrates strong situational control through Forecasting and Capacity Planning and EPA Regulatory Reporting, backed by 14.6 years of operational leadership.","sustainability_knowledge":"Candidate applies policy and process knowledge to diversion goals in Municipal Solid Waste, with consistent execution on compliance and waste reduction practices.","team_motivation":"Candidate exhibits practical coaching behavior and communication discipline, with evidence of sustaining team engagement during high-variance operating periods.","strengths":["Forecasting and Capacity Planning","EPA Regulatory Reporting"],"scoring_note":"Scores generated using evaluator version v1 with weighted dimensions for crisis, sustainability, and motivation."}', '2025-11-18 00:15:14'),
(37, 'v1', 100, 97, 85, '{"crisis_management":"Ruth Sawayn demonstrates strong situational control through Emergency Incident Response and Contamination Reduction Programs, backed by 17.8 years of operational leadership.","sustainability_knowledge":"Candidate applies policy and process knowledge to diversion goals in Commercial Recycling, with consistent execution on compliance and waste reduction practices.","team_motivation":"Candidate exhibits practical coaching behavior and communication discipline, with evidence of sustaining team engagement during high-variance operating periods.","strengths":["Emergency Incident Response","Contamination Reduction Programs"],"scoring_note":"Scores generated using evaluator version v1 with weighted dimensions for crisis, sustainability, and motivation."}', '2026-01-19 06:55:41'),
(38, 'v1', 77, 100, 70, '{"crisis_management":"Kyle Quigley demonstrates strong situational control through Life Cycle Assessment and EPA Regulatory Reporting, backed by 6 years of operational leadership.","sustainability_knowledge":"Candidate applies policy and process knowledge to diversion goals in Industrial Recycling, with consistent execution on compliance and waste reduction practices.","team_motivation":"Candidate exhibits practical coaching behavior and communication discipline, with evidence of sustaining team engagement during high-variance operating periods.","strengths":["Life Cycle Assessment","EPA Regulatory Reporting"],"scoring_note":"Scores generated using evaluator version v1 with weighted dimensions for crisis, sustainability, and motivation."}', '2026-01-08 05:12:57'),
(39, 'v1', 100, 100, 99, '{"crisis_management":"Guy Hoeger demonstrates strong situational control through OSHA Safety Standards and Extended Producer Responsibility, backed by 12.7 years of operational leadership.","sustainability_knowledge":"Candidate applies policy and process knowledge to diversion goals in Industrial Recycling, with consistent execution on compliance and waste reduction practices.","team_motivation":"Candidate exhibits practical coaching behavior and communication discipline, with evidence of sustaining team engagement during high-variance operating periods.","strengths":["OSHA Safety Standards","Extended Producer Responsibility"],"scoring_note":"Scores generated using evaluator version v1 with weighted dimensions for crisis, sustainability, and motivation."}', '2025-12-03 05:29:12'),
(40, 'v1', 85, 92, 67, '{"crisis_management":"Paulette Bernhard demonstrates strong situational control through ISO 14001 Compliance and Contamination Reduction Programs, backed by 4.6 years of operational leadership.","sustainability_knowledge":"Candidate applies policy and process knowledge to diversion goals in Municipal Solid Waste, with consistent execution on compliance and waste reduction practices.","team_motivation":"Candidate exhibits practical coaching behavior and communication discipline, with evidence of sustaining team engagement during high-variance operating periods.","strengths":["ISO 14001 Compliance","Contamination Reduction Programs"],"scoring_note":"Scores generated using evaluator version v1 with weighted dimensions for crisis, sustainability, and motivation."}', '2026-02-14 05:09:27');

